,ID,Name,Taxonomy,species group,species id,reference_lib,false_pos_prone,Combined,Min,Max,Mean,Median,Std,sample_abund,control_abund,sample_normalized,control_normalized,normalized_corrected,S:N,sample,control,mode
4,Staphylococcus aureus M1060; AQGA01000005.41407.43923,AQGA01000005.41407.43923,Bacteria; Firmicutes; Bacilli; Staphylococcales; Staphylococcaceae; Staphylococcus; Staphylococcus aureus M1060,Staphylococcus aureus M1060, AQGA01000005.41407.43923,LSU,No,96,0,53,6.0,0.0,16.32584863,42,0,11.291658,0.0,11.291658,inf,BFTMS23071407,BFTMS23071417,LSU_moderate
34,Staphylococcus aureus; FSRY01000044.1211.4061,FSRY01000044.1211.4061,Bacteria; Firmicutes; Bacilli; Staphylococcales; Staphylococcaceae; Staphylococcus; Staphylococcus aureus,Staphylococcus aureus, FSRY01000044.1211.4061,LSU,No,36,0,21,2.25,0.0,5.848076607,21,0,5.645829,0.0,5.645829,inf,BFTMS23071407,BFTMS23071417,LSU_moderate
4,Staphylococcus aureus M1060; AQGA01000005.41407.43923,AQGA01000005.41407.43923,Bacteria; Firmicutes; Bacilli; Staphylococcales; Staphylococcaceae; Staphylococcus; Staphylococcus aureus M1060,Staphylococcus aureus M1060, AQGA01000005.41407.43923,LSU,No,96,0,53,6.0,0.0,16.32584863,53,0,16.340112,0.0,16.340112,inf,BFTMS23071408,BFTMS23071417,LSU_moderate
55,Streptococcus pneumoniae; CMII01000035.6080.8641,CMII01000035.6080.8641,Bacteria; Firmicutes; Bacilli; Lactobacillales; Streptococcaceae; Streptococcus; Streptococcus pneumoniae,Streptococcus pneumoniae, CMII01000035.6080.8641,LSU,Yes,1218,0,1132,76.125,1.5,281.7726921,1132,0,751.405752,0.0,751.405752,inf,BFTMS23071411,BFTMS23071417,LSU_moderate
40,Escherichia coli; LM996705.458410.461275,LM996705.458410.461275,Bacteria; Proteobacteria; Gammaproteobacteria; Enterobacterales; Enterobacteriaceae; Escherichia-Shigella; Escherichia coli,Escherichia coli, LM996705.458410.461275,LSU,No,33,0,31,2.0625,0.0,7.724150439,31,0,20.577366,0.0,20.577366,inf,BFTMS23071411,BFTMS23071417,LSU_moderate
64,Escherichia coli; CP007394.151135.153915,CP007394.151135.153915,Bacteria; Proteobacteria; Gammaproteobacteria; Enterobacterales; Enterobacteriaceae; Escherichia-Shigella; Escherichia coli,Escherichia coli, CP007394.151135.153915,LSU,No,42,0,26,2.625,1.0,6.312685641,26,1,17.258436,0.100703,17.157733,170.3795616813799,BFTMS23071411,BFTMS23071417,LSU_moderate
61,Escherichia coli; CP007391.4813145.4815739,CP007391.4813145.4815739,Bacteria; Proteobacteria; Gammaproteobacteria; Enterobacterales; Enterobacteriaceae; Escherichia-Shigella; Escherichia coli,Escherichia coli, CP007391.4813145.4815739,LSU,No,21,0,20,1.3125,0.0,4.98957246,20,0,13.27572,0.0,13.27572,inf,BFTMS23071411,BFTMS23071417,LSU_moderate
62,Escherichia coli; CP007390.4716928.4719817,CP007390.4716928.4719817,Bacteria; Proteobacteria; Gammaproteobacteria; Enterobacterales; Enterobacteriaceae; Escherichia-Shigella; Escherichia coli,Escherichia coli, CP007390.4716928.4719817,LSU,No,21,0,20,1.3125,0.0,4.98957246,20,0,13.27572,0.0,13.27572,inf,BFTMS23071411,BFTMS23071417,LSU_moderate
19,Raoultella ornithinolytica; FTLF01000016.331550.333913,FTLF01000016.331550.333913,Bacteria; Proteobacteria; Gammaproteobacteria; Enterobacterales; Enterobacteriaceae; Raoultella; Raoultella ornithinolytica,Raoultella ornithinolytica, FTLF01000016.331550.333913,LSU,No,96,0,27,6.0,4.0,6.713171133,27,3,7.455591,0.302109,7.153482,23.67848028360625,BFTMS23071413,BFTMS23071417,LSU_moderate
49,Aspergillus fumigatus Af293; AAHF01000017.3748.7449,AAHF01000017.3748.7449,Eukaryota; Ascomycota; Eurotiomycetes; Eurotiales; Aspergillaceae; Aspergillus; Aspergillus fumigatus Af293,Aspergillus fumigatus Af293, AAHF01000017.3748.7449,LSU,No,69,0,69,4.3125,0.0,17.25,69,0,32.24301,0.0,32.24301,inf,BFTMS23071414,BFTMS23071417,LSU_moderate
