,ID,Name,Taxonomy,species group,species id,reference_lib,false_pos_prone,Combined,Min,Max,Mean,Median,Std,sample_abund,control_abund,sample_normalized,control_normalized,normalized_corrected,S:N,sample,control,mode
1674,Clostridium intestinale; AM158323.1.1480,AM158323.1.1480,Bacteria; Firmicutes; Clostridia; Clostridiales; Clostridiaceae; Clostridium sensu stricto 3; Clostridium intestinale,Clostridium intestinale, AM158323.1.1480,SSU,No,2387,0,605,149.1875,89.5,163.1196774,300,26,77.3943,2.618278,74.776022,28.559237025250944,BFTMS23071402,BFTMS23071417,SSU_strict
805,Clostridium sp; CS600349.1.1458,CS600349.1.1458,Bacteria; Firmicutes; Clostridia; Lachnospirales; Lachnospiraceae; Lachnoclostridium; Clostridium sp,Clostridium sp, CS600349.1.1458,SSU,No,1624,0,409,101.5,72.0,108.1184536,226,32,58.303706,3.222496,55.08121,17.092716329205683,BFTMS23071402,BFTMS23071417,SSU_strict
1674,Clostridium intestinale; AM158323.1.1480,AM158323.1.1480,Bacteria; Firmicutes; Clostridia; Clostridiales; Clostridiaceae; Clostridium sensu stricto 3; Clostridium intestinale,Clostridium intestinale, AM158323.1.1480,SSU,No,2387,0,605,149.1875,89.5,163.1196774,259,26,39.082582,2.618278,36.464304,13.926826715879672,BFTMS23071403,BFTMS23071417,SSU_strict
884,Corynebacterium tuberculostearicum; AJ438046.1.1512,AJ438046.1.1512,Bacteria; Actinobacteriota; Actinobacteria; Corynebacteriales; Corynebacteriaceae; Corynebacterium; Corynebacterium tuberculostearicum,Corynebacterium tuberculostearicum, AJ438046.1.1512,SSU,No,142,0,91,8.875,0.0,22.69177531,91,0,5.179902,0.0,5.179902,inf,BFTMS23071404,BFTMS23071417,SSU_strict
1441,Bacteroides fragilis 638R; FQ312004.3903056.3904588,FQ312004.3903056.3904588,Bacteria; Bacteroidota; Bacteroidia; Bacteroidales; Bacteroidaceae; Bacteroides; Bacteroides fragilis 638R,Bacteroides fragilis 638R, FQ312004.3903056.3904588,SSU,No,217,0,214,13.5625,0.0,53.45523828,214,0,37.065014,0.0,37.065014,inf,BFTMS23071405,BFTMS23071417,SSU_strict
5944,Uncultured bacterium; GQ398431.1.1534,GQ398431.1.1534,Bacteria; Firmicutes; Negativicutes; Veillonellales-Selenomonadales; Veillonellaceae; Veillonella; Uncultured bacterium,Uncultured bacterium, GQ398431.1.1534,SSU,No,150,0,147,9.375,0.0,36.70762863,147,3,25.460547,0.302109,25.158437999999997,83.27602951252692,BFTMS23071405,BFTMS23071417,SSU_strict
1034,Bacteroides fragilis; X83935.1.1436,X83935.1.1436,Bacteria; Bacteroidota; Bacteroidia; Bacteroidales; Bacteroidaceae; Bacteroides; Bacteroides fragilis,Bacteroides fragilis, X83935.1.1436,SSU,No,832,0,719,52.0,0.0,180.0862756,113,0,19.571713,0.0,19.571713,inf,BFTMS23071405,BFTMS23071417,SSU_strict
1655,Veillonella rogosae; EF108443.1.1344,EF108443.1.1344,Bacteria; Firmicutes; Negativicutes; Veillonellales-Selenomonadales; Veillonellaceae; Veillonella; Veillonella rogosae,Veillonella rogosae, EF108443.1.1344,SSU,No,101,0,101,6.3125,0.0,25.25,101,0,17.493301,0.0,17.493301,inf,BFTMS23071405,BFTMS23071417,SSU_strict
2978,Veillonella parvula; KP944173.1.1469,KP944173.1.1469,Bacteria; Firmicutes; Negativicutes; Veillonellales-Selenomonadales; Veillonellaceae; Veillonella; Veillonella parvula,Veillonella parvula, KP944173.1.1469,SSU,No,63,0,63,3.9375,0.0,15.75,63,0,10.911663,0.0,10.911663,inf,BFTMS23071405,BFTMS23071417,SSU_strict
4298,Uncultured bacterium; KF099357.1.1346,KF099357.1.1346,Bacteria; Firmicutes; Clostridia; Peptostreptococcales-Tissierellales; Family XI; Parvimonas; Uncultured bacterium,Uncultured bacterium, KF099357.1.1346,SSU,No,54,0,54,3.375,0.0,13.5,54,0,9.352854,0.0,9.352854,inf,BFTMS23071405,BFTMS23071417,SSU_strict
1163,Veillonella parvula; X84005.1.1513,X84005.1.1513,Bacteria; Firmicutes; Negativicutes; Veillonellales-Selenomonadales; Veillonellaceae; Veillonella; Veillonella parvula,Veillonella parvula, X84005.1.1513,SSU,No,54,0,53,3.375,0.0,13.23568409,53,1,9.179653,0.100703,9.07895,90.15570539110057,BFTMS23071405,BFTMS23071417,SSU_strict
4107,Uncultured Moraxella sp; EU160529.1.1349,EU160529.1.1349,Bacteria; Proteobacteria; Gammaproteobacteria; Pseudomonadales; Moraxellaceae; Acinetobacter; Uncultured Moraxella sp,Uncultured Moraxella sp, EU160529.1.1349,SSU,No,122,0,77,7.625,2.0,18.82507193,77,3,16.130268,0.302109,15.828159000000001,52.39221274440682,BFTMS23071406,BFTMS23071417,SSU_strict
124,Staphylococcus aureus; JN084549.1.1431,JN084549.1.1431,Bacteria; Firmicutes; Bacilli; Staphylococcales; Staphylococcaceae; Staphylococcus; Staphylococcus aureus,Staphylococcus aureus, JN084549.1.1431,SSU,No,2952,0,1747,184.5,0.0,506.0382067,45,2,9.42678,0.201406,9.225374,45.80486182139559,BFTMS23071406,BFTMS23071417,SSU_strict
124,Staphylococcus aureus; JN084549.1.1431,JN084549.1.1431,Bacteria; Firmicutes; Bacilli; Staphylococcales; Staphylococcaceae; Staphylococcus; Staphylococcus aureus,Staphylococcus aureus, JN084549.1.1431,SSU,No,2952,0,1747,184.5,0.0,506.0382067,1154,2,310.251746,0.201406,310.05034,1539.4295105408976,BFTMS23071407,BFTMS23071417,SSU_strict
771,Staphylococcus aureus; CP012970.1913319.1914863,CP012970.1913319.1914863,Bacteria; Firmicutes; Bacilli; Staphylococcales; Staphylococcaceae; Staphylococcus; Staphylococcus aureus,Staphylococcus aureus, CP012970.1913319.1914863,SSU,No,2318,0,1178,144.875,0.0,395.5512398,1138,0,305.950162,0.0,305.950162,inf,BFTMS23071407,BFTMS23071417,SSU_strict
5036,Uncultured bacterium; JF024722.1.1371,JF024722.1.1371,Bacteria; Firmicutes; Bacilli; Staphylococcales; Staphylococcaceae; Staphylococcus; Uncultured bacterium,Uncultured bacterium, JF024722.1.1371,SSU,No,1559,0,776,97.4375,0.0,262.9681777,766,0,205.938334,0.0,205.938334,inf,BFTMS23071407,BFTMS23071417,SSU_strict
1603,Staphylococcus aureus subsp. aureus ECT-R 2; FR714927.2042131.2043670,FR714927.2042131.2043670,Bacteria; Firmicutes; Bacilli; Staphylococcales; Staphylococcaceae; Staphylococcus; Staphylococcus aureus subsp. aureus ECT-R 2,Staphylococcus aureus subsp. aureus ECT-R 2, FR714927.2042131.2043670,SSU,No,1651,0,996,103.1875,0.0,288.7534632,655,0,176.096095,0.0,176.096095,inf,BFTMS23071407,BFTMS23071417,SSU_strict
6389,Staphylococcus sp. zf-IRht16; DQ223661.1.1462,DQ223661.1.1462,Bacteria; Firmicutes; Bacilli; Staphylococcales; Staphylococcaceae; Staphylococcus; Staphylococcus sp. zf-IRht16,Staphylococcus sp. zf-IRht16, DQ223661.1.1462,SSU,No,1191,0,627,74.4375,1.0,194.9858008,627,3,168.568323,0.302109,168.266214,556.9718677695798,BFTMS23071407,BFTMS23071417,SSU_strict
5749,Staphylococcus aureus subsp. aureus Tager 104; CP012409.2263835.2266601,CP012409.2263835.2266601,Bacteria; Firmicutes; Bacilli; Staphylococcales; Staphylococcaceae; Staphylococcus; Staphylococcus aureus subsp. aureus Tager 104,Staphylococcus aureus subsp. aureus Tager 104, CP012409.2263835.2266601,SSU,No,1082,0,541,67.625,0.0,178.9599117,510,0,137.11299,0.0,137.11299,inf,BFTMS23071407,BFTMS23071417,SSU_strict
145,Staphylococcus aureus; JN084559.1.1432,JN084559.1.1432,Bacteria; Firmicutes; Bacilli; Staphylococcales; Staphylococcaceae; Staphylococcus; Staphylococcus aureus,Staphylococcus aureus, JN084559.1.1432,SSU,No,938,0,565,58.625,0.0,162.7881548,365,2,98.129885,0.201406,97.928479,486.22423860262353,BFTMS23071407,BFTMS23071417,SSU_strict
3527,Staphylococcus epidermidis; MH752438.1.1224,MH752438.1.1224,Bacteria; Firmicutes; Bacilli; Staphylococcales; Staphylococcaceae; Staphylococcus; Staphylococcus epidermidis,Staphylococcus epidermidis, MH752438.1.1224,SSU,No,559,0,292,34.9375,0.0,89.08757396,292,2,78.503908,0.201406,78.30250199999999,388.77939088209877,BFTMS23071407,BFTMS23071417,SSU_strict
520,Staphylococcus aureus; JN687472.1.1494,JN687472.1.1494,Bacteria; Firmicutes; Bacilli; Staphylococcales; Staphylococcaceae; Staphylococcus; Staphylococcus aureus,Staphylococcus aureus, JN687472.1.1494,SSU,No,580,0,285,36.25,0.0,95.65667776,277,0,74.471173,0.0,74.471173,inf,BFTMS23071407,BFTMS23071417,SSU_strict
158,Staphylococcus aureus; JN084550.1.1412,JN084550.1.1412,Bacteria; Firmicutes; Bacilli; Staphylococcales; Staphylococcaceae; Staphylococcus; Staphylococcus aureus,Staphylococcus aureus, JN084550.1.1412,SSU,No,613,0,333,38.3125,0.0,103.9100372,273,1,73.395777,0.100703,73.295074,727.8340665124177,BFTMS23071407,BFTMS23071417,SSU_strict
124,Staphylococcus aureus; JN084549.1.1431,JN084549.1.1431,Bacteria; Firmicutes; Bacilli; Staphylococcales; Staphylococcaceae; Staphylococcus; Staphylococcus aureus,Staphylococcus aureus, JN084549.1.1431,SSU,No,2952,0,1747,184.5,0.0,506.0382067,1747,2,538.607088,0.201406,538.405682,2673.235563985184,BFTMS23071408,BFTMS23071417,SSU_strict
771,Staphylococcus aureus; CP012970.1913319.1914863,CP012970.1913319.1914863,Bacteria; Firmicutes; Bacilli; Staphylococcales; Staphylococcaceae; Staphylococcus; Staphylococcus aureus,Staphylococcus aureus, CP012970.1913319.1914863,SSU,No,2318,0,1178,144.875,0.0,395.5512398,1178,0,363.182112,0.0,363.182112,inf,BFTMS23071408,BFTMS23071417,SSU_strict
1603,Staphylococcus aureus subsp. aureus ECT-R 2; FR714927.2042131.2043670,FR714927.2042131.2043670,Bacteria; Firmicutes; Bacilli; Staphylococcales; Staphylococcaceae; Staphylococcus; Staphylococcus aureus subsp. aureus ECT-R 2,Staphylococcus aureus subsp. aureus ECT-R 2, FR714927.2042131.2043670,SSU,No,1651,0,996,103.1875,0.0,288.7534632,996,0,307.070784,0.0,307.070784,inf,BFTMS23071408,BFTMS23071417,SSU_strict
5036,Uncultured bacterium; JF024722.1.1371,JF024722.1.1371,Bacteria; Firmicutes; Bacilli; Staphylococcales; Staphylococcaceae; Staphylococcus; Uncultured bacterium,Uncultured bacterium, JF024722.1.1371,SSU,No,1559,0,776,97.4375,0.0,262.9681777,776,0,239.243904,0.0,239.243904,inf,BFTMS23071408,BFTMS23071417,SSU_strict
145,Staphylococcus aureus; JN084559.1.1432,JN084559.1.1432,Bacteria; Firmicutes; Bacilli; Staphylococcales; Staphylococcaceae; Staphylococcus; Staphylococcus aureus,Staphylococcus aureus, JN084559.1.1432,SSU,No,938,0,565,58.625,0.0,162.7881548,565,2,174.19176,0.201406,173.990354,863.8787027198792,BFTMS23071408,BFTMS23071417,SSU_strict
5749,Staphylococcus aureus subsp. aureus Tager 104; CP012409.2263835.2266601,CP012409.2263835.2266601,Bacteria; Firmicutes; Bacilli; Staphylococcales; Staphylococcaceae; Staphylococcus; Staphylococcus aureus subsp. aureus Tager 104,Staphylococcus aureus subsp. aureus Tager 104, CP012409.2263835.2266601,SSU,No,1082,0,541,67.625,0.0,178.9599117,541,0,166.792464,0.0,166.792464,inf,BFTMS23071408,BFTMS23071417,SSU_strict
6389,Staphylococcus sp. zf-IRht16; DQ223661.1.1462,DQ223661.1.1462,Bacteria; Firmicutes; Bacilli; Staphylococcales; Staphylococcaceae; Staphylococcus; Staphylococcus sp. zf-IRht16,Staphylococcus sp. zf-IRht16, DQ223661.1.1462,SSU,No,1191,0,627,74.4375,1.0,194.9858008,514,3,158.468256,0.302109,158.166147,523.5400037734724,BFTMS23071408,BFTMS23071417,SSU_strict
158,Staphylococcus aureus; JN084550.1.1412,JN084550.1.1412,Bacteria; Firmicutes; Bacilli; Staphylococcales; Staphylococcaceae; Staphylococcus; Staphylococcus aureus,Staphylococcus aureus, JN084550.1.1412,SSU,No,613,0,333,38.3125,0.0,103.9100372,333,1,102.665232,0.100703,102.56452900000001,1018.4853380733445,BFTMS23071408,BFTMS23071417,SSU_strict
520,Staphylococcus aureus; JN687472.1.1494,JN687472.1.1494,Bacteria; Firmicutes; Bacilli; Staphylococcales; Staphylococcaceae; Staphylococcus; Staphylococcus aureus,Staphylococcus aureus, JN687472.1.1494,SSU,No,580,0,285,36.25,0.0,95.65667776,285,0,87.86664,0.0,87.86664,inf,BFTMS23071408,BFTMS23071417,SSU_strict
191,Staphylococcus lugdunensis; KY630657.1.1457,KY630657.1.1457,Bacteria; Firmicutes; Bacilli; Staphylococcales; Staphylococcaceae; Staphylococcus; Staphylococcus lugdunensis,Staphylococcus lugdunensis, KY630657.1.1457,SSU,No,514,0,263,32.125,0.0,85.77402482,263,0,81.083952,0.0,81.083952,inf,BFTMS23071408,BFTMS23071417,SSU_strict
3527,Staphylococcus epidermidis; MH752438.1.1224,MH752438.1.1224,Bacteria; Firmicutes; Bacilli; Staphylococcales; Staphylococcaceae; Staphylococcus; Staphylococcus epidermidis,Staphylococcus epidermidis, MH752438.1.1224,SSU,No,559,0,292,34.9375,0.0,89.08757396,229,2,70.601616,0.201406,70.40021,349.5437573855794,BFTMS23071408,BFTMS23071417,SSU_strict
809,Corynebacterium aurimucosum; AJ309207.1.1475,AJ309207.1.1475,Bacteria; Actinobacteriota; Actinobacteria; Corynebacteriales; Corynebacteriaceae; Corynebacterium; Corynebacterium aurimucosum,Corynebacterium aurimucosum, AJ309207.1.1475,SSU,No,243,0,243,15.1875,0.0,60.75,243,0,60.399351,0.0,60.399351,inf,BFTMS23071409,BFTMS23071417,SSU_strict
1674,Clostridium intestinale; AM158323.1.1480,AM158323.1.1480,Bacteria; Firmicutes; Clostridia; Clostridiales; Clostridiaceae; Clostridium sensu stricto 3; Clostridium intestinale,Clostridium intestinale, AM158323.1.1480,SSU,No,2387,0,605,149.1875,89.5,163.1196774,605,26,132.56276,2.618278,129.944482,49.629749782108696,BFTMS23071410,BFTMS23071417,SSU_strict
1991,Anaerocolumna jejuensis; AY494606.1.1466,AY494606.1.1466,Bacteria; Firmicutes; Clostridia; Lachnospirales; Lachnospiraceae; Anaerocolumna; Anaerocolumna jejuensis,Anaerocolumna jejuensis, AY494606.1.1466,SSU,No,2339,0,615,146.1875,91.0,157.8476982,615,78,134.75388,7.854834,126.89904600000001,16.155535050136006,BFTMS23071410,BFTMS23071417,SSU_strict
940,[Clostridium] celerecrescens; X71848.1.1522,X71848.1.1522,Bacteria; Firmicutes; Clostridia; Lachnospirales; Lachnospiraceae; Lachnoclostridium; [Clostridium] celerecrescens,[Clostridium] celerecrescens, X71848.1.1522,SSU,No,2016,1,503,126.0,74.0,134.9063873,503,63,110.213336,6.344289,103.869047,16.372054772410273,BFTMS23071410,BFTMS23071417,SSU_strict
805,Clostridium sp; CS600349.1.1458,CS600349.1.1458,Bacteria; Firmicutes; Clostridia; Lachnospirales; Lachnospiraceae; Lachnoclostridium; Clostridium sp,Clostridium sp, CS600349.1.1458,SSU,No,1624,0,409,101.5,72.0,108.1184536,409,32,89.616808,3.222496,86.394312,26.80974995779669,BFTMS23071410,BFTMS23071417,SSU_strict
137,Pseudomonas aeruginosa PA38182; HG530068.754687.756210,HG530068.754687.756210,Bacteria; Proteobacteria; Gammaproteobacteria; Pseudomonadales; Pseudomonadaceae; Pseudomonas; Pseudomonas aeruginosa PA38182,Pseudomonas aeruginosa PA38182, HG530068.754687.756210,SSU,No,570,0,350,35.625,1.0,91.01346054,350,5,76.6892,0.503515,76.185685,151.30767703047576,BFTMS23071410,BFTMS23071417,SSU_strict
1470,Bacteroides fragilis 638R; FQ312004.4708749.4710281,FQ312004.4708749.4710281,Bacteria; Bacteroidota; Bacteroidia; Bacteroidales; Bacteroidaceae; Bacteroides; Bacteroides fragilis 638R,Bacteroides fragilis 638R, FQ312004.4708749.4710281,SSU,No,2202,0,2202,137.625,0.0,550.5,2202,0,1461.656772,0.0,1461.656772,inf,BFTMS23071411,BFTMS23071417,SSU_strict
4149,Uncultured bacterium; JQ449434.1.1369,JQ449434.1.1369,Bacteria; Firmicutes; Clostridia; Peptostreptococcales-Tissierellales; Peptostreptococcaceae; Peptostreptococcus; Uncultured bacterium,Uncultured bacterium, JQ449434.1.1369,SSU,No,1433,0,1433,89.5625,0.0,358.25,1433,0,951.205338,0.0,951.205338,inf,BFTMS23071411,BFTMS23071417,SSU_strict
205,Streptococcus anginosus; AB006119.1.1363,AB006119.1.1363,Bacteria; Firmicutes; Bacilli; Lactobacillales; Streptococcaceae; Streptococcus; Streptococcus anginosus,Streptococcus anginosus, AB006119.1.1363,SSU,No,1233,0,1233,77.0625,0.0,308.25,1233,0,818.448138,0.0,818.448138,inf,BFTMS23071411,BFTMS23071417,SSU_strict
2957,Bacteroides fragilis; KP944125.1.1437,KP944125.1.1437,Bacteria; Bacteroidota; Bacteroidia; Bacteroidales; Bacteroidaceae; Bacteroides; Bacteroides fragilis,Bacteroides fragilis, KP944125.1.1437,SSU,No,897,0,896,56.0625,0.0,223.9834722,896,0,594.752256,0.0,594.752256,inf,BFTMS23071411,BFTMS23071417,SSU_strict
248,Parvimonas micra ATCC 33270; AF542231.1.1414,AF542231.1.1414,Bacteria; Firmicutes; Clostridia; Peptostreptococcales-Tissierellales; Family XI; Parvimonas; Parvimonas micra ATCC 33270,Parvimonas micra ATCC 33270, AF542231.1.1414,SSU,No,771,0,771,48.1875,0.0,192.75,771,0,511.779006,0.0,511.779006,inf,BFTMS23071411,BFTMS23071417,SSU_strict
1034,Bacteroides fragilis; X83935.1.1436,X83935.1.1436,Bacteria; Bacteroidota; Bacteroidia; Bacteroidales; Bacteroidaceae; Bacteroides; Bacteroides fragilis,Bacteroides fragilis, X83935.1.1436,SSU,No,832,0,719,52.0,0.0,180.0862756,719,0,477.262134,0.0,477.262134,inf,BFTMS23071411,BFTMS23071417,SSU_strict
508,Streptococcus anginosus; JN787137.1.1404,JN787137.1.1404,Bacteria; Firmicutes; Bacilli; Lactobacillales; Streptococcaceae; Streptococcus; Streptococcus anginosus,Streptococcus anginosus, JN787137.1.1404,SSU,No,683,0,683,42.6875,0.0,170.75,683,0,453.365838,0.0,453.365838,inf,BFTMS23071411,BFTMS23071417,SSU_strict
3773,Bacteroides fragilis; CDQP01001253.198.1702,CDQP01001253.198.1702,Bacteria; Bacteroidota; Bacteroidia; Bacteroidales; Bacteroidaceae; Bacteroides; Bacteroides fragilis,Bacteroides fragilis, CDQP01001253.198.1702,SSU,No,662,0,661,41.375,0.0,165.2335216,661,0,438.762546,0.0,438.762546,inf,BFTMS23071411,BFTMS23071417,SSU_strict
3615,Uncultured Anaerovorax sp; EF419415.1.1433,EF419415.1.1433,Bacteria; Firmicutes; Clostridia; Peptostreptococcales-Tissierellales; Anaerovoracaceae; S5-A14a; Uncultured Anaerovorax sp,Uncultured Anaerovorax sp, EF419415.1.1433,SSU,No,542,0,542,33.875,0.0,135.5,542,0,359.772012,0.0,359.772012,inf,BFTMS23071411,BFTMS23071417,SSU_strict
4814,Uncultured organism; HQ757334.1.1452,HQ757334.1.1452,Bacteria; Firmicutes; Clostridia; Peptostreptococcales-Tissierellales; Family XI; Parvimonas; Uncultured organism,Uncultured organism, HQ757334.1.1452,SSU,No,481,0,481,30.0625,0.0,120.25,481,0,319.281066,0.0,319.281066,inf,BFTMS23071411,BFTMS23071417,SSU_strict
5082,Uncultured organism; HQ788151.1.1447,HQ788151.1.1447,Bacteria; Firmicutes; Clostridia; Peptostreptococcales-Tissierellales; Peptostreptococcaceae; Peptostreptococcus; Uncultured organism,Uncultured organism, HQ788151.1.1447,SSU,No,389,0,389,24.3125,0.0,97.25,389,0,258.212754,0.0,258.212754,inf,BFTMS23071411,BFTMS23071417,SSU_strict
268,Peptoniphilus lacrimalis; AF542230.1.1406,AF542230.1.1406,Bacteria; Firmicutes; Clostridia; Peptostreptococcales-Tissierellales; Family XI; Peptoniphilus; Peptoniphilus lacrimalis,Peptoniphilus lacrimalis, AF542230.1.1406,SSU,No,326,0,326,20.375,0.0,81.5,326,0,216.394236,0.0,216.394236,inf,BFTMS23071411,BFTMS23071417,SSU_strict
2906,Bacteroides fragilis; KP944133.1.1437,KP944133.1.1437,Bacteria; Bacteroidota; Bacteroidia; Bacteroidales; Bacteroidaceae; Bacteroides; Bacteroides fragilis,Bacteroides fragilis, KP944133.1.1437,SSU,No,200,0,199,12.5,0.0,49.73395889,199,0,132.093414,0.0,132.093414,inf,BFTMS23071411,BFTMS23071417,SSU_strict
234,Anaerococcus vaginalis; AF542229.1.1412,AF542229.1.1412,Bacteria; Firmicutes; Clostridia; Peptostreptococcales-Tissierellales; Family XI; Anaerococcus; Anaerococcus vaginalis,Anaerococcus vaginalis, AF542229.1.1412,SSU,No,196,0,190,12.25,0.0,47.42362281,190,0,126.11934,0.0,126.11934,inf,BFTMS23071411,BFTMS23071417,SSU_strict
1414,Bacterium NLAE-zl-P872; JQ607722.1.1411,JQ607722.1.1411,Bacteria; Firmicutes; Clostridia; Lachnospirales; Lachnospiraceae; Lachnoclostridium; Bacterium NLAE-zl-P872,Bacterium NLAE-zl-P872, JQ607722.1.1411,SSU,No,189,0,189,11.8125,0.0,47.25,189,0,125.455554,0.0,125.455554,inf,BFTMS23071411,BFTMS23071417,SSU_strict
1674,Clostridium intestinale; AM158323.1.1480,AM158323.1.1480,Bacteria; Firmicutes; Clostridia; Clostridiales; Clostridiaceae; Clostridium sensu stricto 3; Clostridium intestinale,Clostridium intestinale, AM158323.1.1480,SSU,No,2387,0,605,149.1875,89.5,163.1196774,320,26,58.08288,2.618278,55.464602,21.183618393463185,BFTMS23071412,BFTMS23071417,SSU_strict
3844,Uncultured bacterium; AM179914.1.1364,AM179914.1.1364,Bacteria; Proteobacteria; Gammaproteobacteria; Enterobacterales; Enterobacteriaceae; Citrobacter; Uncultured bacterium,Uncultured bacterium, AM179914.1.1364,SSU,No,1401,0,289,87.5625,52.0,98.74206719,277,39,50.277993,3.927417,46.350576000000004,11.80179644789438,BFTMS23071412,BFTMS23071417,SSU_strict
363,Proteus sp. LS9(2011); JN566137.1.1489,JN566137.1.1489,Bacteria; Proteobacteria; Gammaproteobacteria; Enterobacterales; Morganellaceae; Proteus; Proteus sp. LS9(2011),Proteus sp. LS9(2011), JN566137.1.1489,SSU,No,2275,0,2274,142.1875,0.0,568.4833881,2274,0,627.926442,0.0,627.926442,inf,BFTMS23071413,BFTMS23071417,SSU_strict
312,Xenorhabdus stockiae; JN547412.1.1516,JN547412.1.1516,Bacteria; Proteobacteria; Gammaproteobacteria; Enterobacterales; Morganellaceae; Xenorhabdus; Xenorhabdus stockiae,Xenorhabdus stockiae, JN547412.1.1516,SSU,No,1178,0,1170,73.625,0.0,292.3677764,1170,0,323.07561,0.0,323.07561,inf,BFTMS23071413,BFTMS23071417,SSU_strict
568,Salinivibrio costicola; JN848567.1.1331,JN848567.1.1331,Bacteria; Proteobacteria; Gammaproteobacteria; Enterobacterales; Vibrionaceae; Salinivibrio; Salinivibrio costicola,Salinivibrio costicola, JN848567.1.1331,SSU,No,479,0,479,29.9375,0.0,119.75,479,0,132.267707,0.0,132.267707,inf,BFTMS23071413,BFTMS23071417,SSU_strict
3954,Uncultured bacterium; HE681390.1.1529,HE681390.1.1529,Bacteria; Proteobacteria; Gammaproteobacteria; Enterobacterales; Enterobacteriaceae; Enterobacter; Uncultured bacterium,Uncultured bacterium, HE681390.1.1529,SSU,No,1603,0,344,100.1875,68.0,112.0429791,344,58,94.989752,5.840774,89.148978,15.263213060460822,BFTMS23071413,BFTMS23071417,SSU_strict
940,[Clostridium] celerecrescens; X71848.1.1522,X71848.1.1522,Bacteria; Firmicutes; Clostridia; Lachnospirales; Lachnospiraceae; Lachnoclostridium; [Clostridium] celerecrescens,[Clostridium] celerecrescens, X71848.1.1522,SSU,No,2016,1,503,126.0,74.0,134.9063873,276,63,76.212708,6.344289,69.868419,11.0128052174168,BFTMS23071413,BFTMS23071417,SSU_strict
313,Lactobacillus sp. MSUGMIR-3; JN561696.1.1371,JN561696.1.1371,Bacteria; Firmicutes; Bacilli; Lactobacillales; Lactobacillaceae; Lacticaseibacillus; Lactobacillus sp. MSUGMIR-3,Lactobacillus sp. MSUGMIR-3, JN561696.1.1371,SSU,No,22515,0,22510,1407.1875,0.0,5627.416722,22510,0,14399.08425,0.0,14399.08425,inf,BFTMS23071415,BFTMS23071417,SSU_strict
371,Lactobacillus casei; AB008205.1.1561,AB008205.1.1561,Bacteria; Firmicutes; Bacilli; Lactobacillales; Lactobacillaceae; Lacticaseibacillus; Lactobacillus casei,Lactobacillus casei, AB008205.1.1561,SSU,No,1478,0,1478,92.375,0.0,369.5,1478,0,945.43965,0.0,945.43965,inf,BFTMS23071415,BFTMS23071417,SSU_strict
2231,Lactobacillus casei; HM188412.1.1475,HM188412.1.1475,Bacteria; Firmicutes; Bacilli; Lactobacillales; Lactobacillaceae; Lacticaseibacillus; Lactobacillus casei,Lactobacillus casei, HM188412.1.1475,SSU,No,863,0,863,53.9375,0.0,215.75,863,0,552.039525,0.0,552.039525,inf,BFTMS23071415,BFTMS23071417,SSU_strict
3308,Lactobacillus rhamnosus; AY852248.1.1563,AY852248.1.1563,Bacteria; Firmicutes; Bacilli; Lactobacillales; Lactobacillaceae; Lacticaseibacillus; Lactobacillus rhamnosus,Lactobacillus rhamnosus, AY852248.1.1563,SSU,No,853,0,852,53.3125,0.0,212.9834794,852,0,545.0031,0.0,545.0031,inf,BFTMS23071415,BFTMS23071417,SSU_strict
1671,Bacterium; MF817524.1.1458,MF817524.1.1458,Bacteria; Firmicutes; Bacilli; Lactobacillales; Lactobacillaceae; Lacticaseibacillus; Bacterium,Bacterium, MF817524.1.1458,SSU,No,785,0,785,49.0625,0.0,196.25,785,0,502.144875,0.0,502.144875,inf,BFTMS23071415,BFTMS23071417,SSU_strict
3162,Lactobacillus rhamnosus; KT899874.1.1481,KT899874.1.1481,Bacteria; Firmicutes; Bacilli; Lactobacillales; Lactobacillaceae; Lacticaseibacillus; Lactobacillus rhamnosus,Lactobacillus rhamnosus, KT899874.1.1481,SSU,No,483,0,483,30.1875,0.0,120.75,483,0,308.963025,0.0,308.963025,inf,BFTMS23071415,BFTMS23071417,SSU_strict
2438,Lactobacillus casei; KX774469.1.1413,KX774469.1.1413,Bacteria; Firmicutes; Bacilli; Lactobacillales; Lactobacillaceae; Lacticaseibacillus; Lactobacillus casei,Lactobacillus casei, KX774469.1.1413,SSU,No,434,0,434,27.125,0.0,108.5,434,0,277.61895,0.0,277.61895,inf,BFTMS23071415,BFTMS23071417,SSU_strict
2108,Lactobacillus paracasei subsp. tolerans; AB181950.1.1497,AB181950.1.1497,Bacteria; Firmicutes; Bacilli; Lactobacillales; Lactobacillaceae; Lacticaseibacillus; Lactobacillus paracasei subsp. tolerans,Lactobacillus paracasei subsp. tolerans, AB181950.1.1497,SSU,No,344,0,344,21.5,0.0,86.0,344,0,220.0482,0.0,220.0482,inf,BFTMS23071415,BFTMS23071417,SSU_strict
4062,Lactobacillus rhamnosus; CP019305.1897150.1898699,CP019305.1897150.1898699,Bacteria; Firmicutes; Bacilli; Lactobacillales; Lactobacillaceae; Lacticaseibacillus; Lactobacillus rhamnosus,Lactobacillus rhamnosus, CP019305.1897150.1898699,SSU,No,316,0,316,19.75,0.0,79.0,316,0,202.1373,0.0,202.1373,inf,BFTMS23071415,BFTMS23071417,SSU_strict
693,Lactobacillus sp; MF506843.1.1501,MF506843.1.1501,Bacteria; Firmicutes; Bacilli; Lactobacillales; Lactobacillaceae; Lacticaseibacillus; Lactobacillus sp,Lactobacillus sp, MF506843.1.1501,SSU,No,269,0,269,16.8125,0.0,67.25,269,0,172.072575,0.0,172.072575,inf,BFTMS23071415,BFTMS23071417,SSU_strict
365,Lactobacillus paracasei; JN415186.1.1500,JN415186.1.1500,Bacteria; Firmicutes; Bacilli; Lactobacillales; Lactobacillaceae; Lacticaseibacillus; Lactobacillus paracasei,Lactobacillus paracasei, JN415186.1.1500,SSU,No,250,0,247,15.625,0.0,61.70237705,247,0,157.999725,0.0,157.999725,inf,BFTMS23071415,BFTMS23071417,SSU_strict
1611,Lactobacillus paracasei; KF060265.1.1514,KF060265.1.1514,Bacteria; Firmicutes; Bacilli; Lactobacillales; Lactobacillaceae; Lacticaseibacillus; Lactobacillus paracasei,Lactobacillus paracasei, KF060265.1.1514,SSU,No,230,0,230,14.375,0.0,57.5,230,0,147.12525,0.0,147.12525,inf,BFTMS23071415,BFTMS23071417,SSU_strict
3222,Lactobacillus casei; KF673507.1.1487,KF673507.1.1487,Bacteria; Firmicutes; Bacilli; Lactobacillales; Lactobacillaceae; Lacticaseibacillus; Lactobacillus casei,Lactobacillus casei, KF673507.1.1487,SSU,No,197,0,197,12.3125,0.0,49.25,197,0,126.015975,0.0,126.015975,inf,BFTMS23071415,BFTMS23071417,SSU_strict
3255,Lactobacillus sp. 5-1-2; GU451064.1.1450,GU451064.1.1450,Bacteria; Firmicutes; Bacilli; Lactobacillales; Lactobacillaceae; Lacticaseibacillus; Lactobacillus sp. 5-1-2,Lactobacillus sp. 5-1-2, GU451064.1.1450,SSU,No,191,0,191,11.9375,0.0,47.75,191,0,122.177925,0.0,122.177925,inf,BFTMS23071415,BFTMS23071417,SSU_strict
2815,Lactobacillus sp. N1-5-2; AB379908.1.1520,AB379908.1.1520,Bacteria; Firmicutes; Bacilli; Lactobacillales; Lactobacillaceae; Lacticaseibacillus; Lactobacillus sp. N1-5-2,Lactobacillus sp. N1-5-2, AB379908.1.1520,SSU,No,177,0,177,11.0625,0.0,44.25,177,0,113.222475,0.0,113.222475,inf,BFTMS23071415,BFTMS23071417,SSU_strict
424,Cutibacterium avidum; AJ003055.1.1504,AJ003055.1.1504,Bacteria; Actinobacteriota; Actinobacteria; Propionibacteriales; Propionibacteriaceae; Cutibacterium; Cutibacterium avidum,Cutibacterium avidum, AJ003055.1.1504,SSU,No,33,0,32,2.0625,0.0,7.98722939,32,0,12.092576,0.0,12.092576,inf,BFTMS23071416,BFTMS23071417,SSU_strict
